ward,n_vd_2021,jaccard_1116,jaccard_1621,stable_1621,stable_all
59500001,12,0.9166666666666666,1.0,True,True
59500002,22,0.6818181818181818,0.8636363636363636,False,False
59500003,13,0.7058823529411765,0.4444444444444444,False,False
59500004,10,1.0,1.0,True,True
59500005,5,0.8333333333333334,1.0,True,False
59500006,8,0.0,1.0,True,False
59500007,7,0.4444444444444444,0.8571428571428571,False,False
59500008,12,0.7142857142857143,0.7857142857142857,False,False
59500009,10,0.7272727272727273,0.9090909090909091,True,False
59500010,9,0.625,0.7777777777777778,False,False
59500011,8,0.6666666666666666,0.875,False,False
59500012,7,0.8571428571428571,1.0,True,False
59500013,6,0.8571428571428571,1.0,True,False
59500014,8,0.4,1.0,True,False
59500015,7,0.75,1.0,True,False
59500016,7,0.75,1.0,True,False
59500017,8,0.75,0.875,False,False
59500018,5,0.5714285714285714,1.0,True,False
59500019,7,0.6666666666666666,0.875,False,False
59500020,7,0.75,1.0,True,False
59500021,6,0.7142857142857143,1.0,True,False
59500022,6,0.7142857142857143,1.0,True,False
59500023,8,0.8888888888888888,0.7777777777777778,False,False
59500024,6,0.3333333333333333,1.0,True,False
59500025,6,0.8888888888888888,0.5,False,False
59500026,5,1.0,1.0,True,True
59500027,9,1.0,0.7777777777777778,False,False
59500028,5,1.0,1.0,True,True
59500029,6,0.5,0.8333333333333334,False,False
59500030,7,0.6666666666666666,0.875,False,False
59500031,9,1.0,0.7,False,False
59500032,5,0.8,1.0,True,False
59500033,8,0.8888888888888888,1.0,True,False
59500034,6,0.875,0.8571428571428571,False,False
59500035,5,0.375,0.8333333333333334,False,False
59500036,5,1.0,1.0,True,True
59500037,7,0.625,1.0,True,False
59500038,8,0.6666666666666666,1.0,True,False
59500039,5,0.5,0.6666666666666666,False,False
59500040,7,0.3,1.0,True,False
59500041,5,0.375,1.0,True,False
59500042,7,0.18181818181818182,1.0,True,False
59500043,7,0.875,1.0,True,False
59500044,7,0.45454545454545453,1.0,True,False
59500045,9,0.5454545454545454,0.7777777777777778,False,False
59500046,6,0.5,1.0,True,False
59500047,9,0.75,0.7777777777777778,False,False
59500048,7,0.875,0.875,False,False
59500049,9,0.8888888888888888,1.0,True,False
59500050,9,0.8888888888888888,0.8,False,False
59500051,9,0.5,0.6363636363636364,False,False
59500052,7,0.4166666666666667,0.5,False,False
59500053,5,0.8333333333333334,0.6666666666666666,False,False
59500054,6,0.8571428571428571,0.3333333333333333,False,False
59500055,8,0.6363636363636364,1.0,True,False
59500056,10,0.5384615384615384,0.35714285714285715,False,False
59500057,7,0.875,0.75,False,False
59500058,12,0.5,0.8461538461538461,False,False
59500059,9,0.6153846153846154,0.5833333333333334,False,False
59500060,7,0.5,0.7142857142857143,False,False
59500061,9,0.6153846153846154,0.9,True,False
59500062,9,0.7777777777777778,0.8888888888888888,False,False
59500063,7,1.0,1.0,True,True
59500064,8,0.875,1.0,True,False
59500065,7,1.0,1.0,True,True
59500066,7,1.0,1.0,True,True
59500067,9,0.1875,1.0,True,False
59500068,9,1.0,1.0,True,True
59500069,8,0.8888888888888888,0.7777777777777778,False,False
59500070,11,0.7692307692307693,0.9166666666666666,True,False
59500071,5,0.8571428571428571,0.8333333333333334,False,False
59500072,8,0.3333333333333333,0.5555555555555556,False,False
59500073,9,0.6666666666666666,0.9,True,False
59500074,7,1.0,0.8571428571428571,False,False
59500075,5,1.0,1.0,True,True
59500076,5,1.0,1.0,True,True
59500077,8,0.16666666666666666,0.875,False,False
59500078,7,0.4444444444444444,0.4,False,False
59500079,6,0.5,0.7142857142857143,False,False
59500080,6,1.0,1.0,True,True
59500081,8,0.875,1.0,True,False
59500082,7,0.875,0.875,False,False
59500083,7,1.0,0.875,False,False
59500084,8,0.46153846153846156,0.7,False,False
59500085,6,0.75,0.8571428571428571,False,False
59500086,6,0.7142857142857143,1.0,True,False
59500087,5,1.0,1.0,True,True
59500088,7,1.0,1.0,True,True
59500089,5,0.8,0.8,False,False
59500090,8,0.875,1.0,True,False
59500091,9,0.0625,1.0,True,False
59500092,7,0.8571428571428571,1.0,True,False
59500093,7,1.0,1.0,True,True
59500094,9,0.7,1.0,True,False
59500095,7,0.5,0.8571428571428571,False,False
59500096,18,0.5,0.8421052631578947,False,False
59500097,4,1.0,1.0,True,True
59500098,9,0.4166666666666667,1.0,True,False
59500099,10,0.8333333333333334,0.8181818181818182,False,False
59500100,19,0.5925925925925926,0.9047619047619048,True,False
59500101,5,1.0,1.0,True,True
59500102,6,0.07692307692307693,0.625,False,False
59500103,11,0.8333333333333334,1.0,True,False
59500104,6,,0.625,False,False
59500105,28,,1.0,True,False
59500106,8,,0.7777777777777778,False,False
59500107,5,,0.8333333333333334,False,False
59500108,9,,0.21428571428571427,False,False
59500109,8,,1.0,True,False
59500110,5,,0.6666666666666666,False,False
59500111,6,,,False,False
