party,year,share,votes,record_type
ACTIONSA,2021,0.01502934865949756,11663,historical
ACTIVE CITIZENS COALITION,2021,0.01034129494919557,8025,historical
AFRICAN INDEPENDENT CONGRESS,2016,0.012284878591823936,13772,historical
AFRICAN INDEPENDENT CONGRESS,2021,0.003252514448818644,2524,historical
ANC,2011,0.601127661573502,582224,historical
ANC,2016,0.5295209057912517,593621,historical
ANC,2021,0.41769424560092266,324137,historical
DA,2011,0.2021262646442683,195770,historical
DA,2016,0.2630268149677134,294867,historical
DA,2021,0.2557076860627694,198433,historical
EFF,2016,0.032605059707257376,36552,historical
EFF,2021,0.10147741989523398,78748,historical
IFP,2011,0.042989903495214,41638,historical
IFP,2016,0.04117022121166439,46154,historical
IFP,2021,0.06665463940774341,51725,historical
INDEPENDENTS,2011,0.017785294144977096,17226,historical
INDEPENDENTS,2016,0.08334307120180759,93432,historical
INDEPENDENTS,2021,0.04250819893945349,32987,historical
MF,2011,0.056764059375171004,54979,historical
MF,2016,0.0059988243196352,6725,historical
MF,2021,0.004717692312648596,3661,historical
NFP,2011,0.049236335027613355,47688,historical
NFP,2021,0.00321256676739496,2493,historical
OTHER,2011,0.02997048173925433,29028,historical
OTHER,2016,0.032050224208846505,35930,historical
OTHER,2021,0.07940439295632172,61619,historical
