party,share_point,share_p05,share_p95,scen_lo,scen_hi,votes_point,votes_lo,votes_hi,record_type,approx_seats_from_ward_ballot_shares
ANC,0.36132432165918926,0.3395043923808102,0.3787564361458407,0.3041098760365845,0.41769424560092266,280393.09347235574,235993.82545253015,463874.23896389187,predicted_2026,80
DA,0.25173001853621557,0.23109146163876315,0.27514769942300954,0.24696115877977612,0.2557076860627694,195346.27033438132,191645.56363048797,283978.55493301275,predicted_2026,56
EFF,0.13574206713394893,0.12751059094997133,0.14357534051266646,0.10147741989523398,0.16937084207344824,105337.88022695138,78748.0,188096.36785027516,predicted_2026,30
OTHER,0.10295138100317504,0.09638023269162659,0.11133690698266797,0.07940439295632172,0.12603012651559747,79891.81592917888,61619.0,139963.9320858689,predicted_2026,23
IFP,0.07929664390429358,0.07220606694485113,0.08666192247355584,0.06665463940774341,0.09160956806982946,61535.38511939038,51725.0,101737.85997234989,predicted_2026,18
ACTIONSA,0.022515570791430965,0.02024765692158009,0.024601430647518952,0.01502934865949756,0.029885960956699074,17472.4206677123,11663.0,33190.13259219951,predicted_2026,5
INDEPENDENTS,0.02206288265779871,0.01095214977314622,0.032793022710118865,0.0016637106794376308,0.04250819893945349,17121.127885691665,1291.0644429037932,47207.87667159843,predicted_2026,5
ACTIVE CITIZENS COALITION,0.015492365223461674,0.012182952400376408,0.019997392066847437,0.01034129494919557,0.02056373460323331,12022.30779888461,8025.0,22837.247196467553,predicted_2026,3
NFP,0.0048127684114753835,0.0036525631402551215,0.006160233837562941,0.00321256676739496,0.006388210637490422,3734.7804788310696,2493.0,7094.4868860802,predicted_2026,1
MF,0.004071980679011033,0.0035366481393339917,0.004727850863195096,0.003416811647903763,0.004717692312648596,3159.918086622747,2651.4970909480385,5239.277184791642,predicted_2026,1
AFRICAN INDEPENDENT CONGRESS,0.0,0.0,0.0,0.0,0.003252514448818644,0.0,0.0,3612.1102470401806,predicted_2026,0
