ward,pred_leader,top_prob,margin_prob,p_ACTIONSA,p_ACTIVE CITIZENS COALITION,p_AFRICAN INDEPENDENT CONGRESS,p_ANC,p_DA,p_EFF,p_IFP,p_INDEPENDENTS,p_MF,p_NFP,p_OTHER,uncertain,leader_2021,selected,boundary_basis,record_type
59500001,ANC,0.8261909880315784,0.7501594028992973,0.0,0.008103702303150469,0.0,0.8261909880315784,0.05514133549962004,0.008268859909153183,0.0032441236800702295,0.07603158513228116,0.0,0.0,0.02301940544414652,False,ANC,True,2021 ward footprint,predicted_2026
59500002,ANC,0.7774315278026628,0.6387956511616297,0.0,0.0014500203926091197,0.0,0.7774315278026628,0.009933657764702763,0.04081211515899131,0.00496755271077484,0.13863587664103305,0.0,0.0008278520811490811,0.025941397448077063,False,ANC,False,2021 ward footprint,predicted_2026
59500003,ANC,0.7305089045963056,0.626449955741585,0.0,0.006570308523699502,0.0,0.7305089045963056,0.02586551971197279,0.04518454931755212,0.049157696111705215,0.10405894885472061,0.0,0.009594294825853009,0.02905977805819117,False,ANC,False,2021 ward footprint,predicted_2026
59500004,ANC,0.8278837041755317,0.7671315864956597,0.0,0.010050203873538983,0.0,0.8278837041755317,0.053180773170627235,0.033861440341933835,0.004894224756604312,0.06075211767987201,0.0,0.00035780955697302765,0.009019726444918962,False,ANC,False,2021 ward footprint,predicted_2026
59500005,ANC,0.6139261869404533,0.47718666558592576,0.0,0.010722478955586723,0.0,0.6139261869404533,0.04652196038946995,0.13673952135452755,0.04954054137597541,0.13077600431484218,0.0,0.0009793883263885571,0.010793918342756606,False,ANC,False,2021 ward footprint,predicted_2026
59500006,ANC,0.64616141467274,0.5264871156774005,0.0,0.004093465826941833,0.0,0.64616141467274,0.020340708860087924,0.06459223376217176,0.11729368373812736,0.1196742989953396,0.0,0.003295970218796377,0.024548223925795244,False,ANC,False,2021 ward footprint,predicted_2026
59500007,ANC,0.6014976162414367,0.37356723397414526,0.0,0.007733239507617005,0.0,0.6014976162414367,0.22793038226729143,0.028395000599551676,0.02833098188516352,0.0794884883944275,0.0,0.0,0.02662429110451215,False,ANC,False,2021 ward footprint,predicted_2026
59500008,ANC,0.5100872380138561,0.16859308451020738,0.0,0.00046334355335361343,0.0,0.5100872380138561,0.34149415350364876,0.024268098497033742,0.0072585572003058645,0.07351105467184835,0.0,0.0011409686443254394,0.041776585915627995,False,ANC,False,2021 ward footprint,predicted_2026
59500009,DA,0.4209454370918858,0.0110436601440706,0.0,0.0042163526828987346,0.0,0.4099017769478152,0.4209454370918858,0.039586140547698455,0.01888718752698479,0.06466525697555535,0.0,0.004186735949990593,0.03761111227717112,True,DA,False,2021 ward footprint,predicted_2026
59500010,DA,0.9112773924608238,0.8815521425208912,0.0,0.013182067179443101,0.0,0.029725249939932665,0.9112773924608238,0.005796561941493545,0.0044883633981720635,0.007237346459214946,0.0,0.00044039504347937527,0.027852623577440415,False,DA,False,2021 ward footprint,predicted_2026
59500011,DA,0.5721670851932679,0.3748924540002765,0.0,0.0752426328158724,0.0,0.19727463119299135,0.5721670851932679,0.041957384066934736,0.051554576062450966,0.027867476374768874,0.0,0.0009691408280299273,0.03296707346568391,False,DA,False,2021 ward footprint,predicted_2026
59500012,ANC,0.6529264500273939,0.5150593904408747,0.0,0.011315228880198555,0.0,0.6529264500273939,0.025851568437990226,0.12457801169264403,0.028736449986033065,0.1378670595865193,0.0,0.001274562503676216,0.017450668885544897,False,ANC,False,2021 ward footprint,predicted_2026
59500013,ANC,0.5008694977464259,0.2620639527380894,0.0,0.046477477915871826,0.0,0.5008694977464259,0.23880554500833645,0.0734407914988598,0.029220372153659652,0.07499581336701923,0.0,0.00038213005571864704,0.03580837225410861,False,ANC,False,2021 ward footprint,predicted_2026
59500014,ANC,0.7195756414215827,0.6123270085246217,0.0,0.027025659798526475,0.0,0.7195756414215827,0.04679474852736735,0.0636500971926091,0.021966917729496733,0.107248632896961,0.0,0.0008946691272364094,0.012843633306220256,False,ANC,False,2021 ward footprint,predicted_2026
59500015,ANC,0.6778826334022772,0.5527074302332383,0.0,0.03994522370883403,0.0,0.6778826334022772,0.08048537171313387,0.03747485121097204,0.01676546089124702,0.12517520316903888,0.0,0.00027148367621186324,0.021999772228285207,False,ANC,False,2021 ward footprint,predicted_2026
59500016,ANC,0.46405060410778165,0.13327501818624732,0.0,0.03805065603945441,0.0,0.46405060410778165,0.33077558592153433,0.06537764080672595,0.020006518362652145,0.06798011495745161,0.0,0.0009791676629894502,0.01277971214141063,True,ANC,False,2021 ward footprint,predicted_2026
59500017,ANC,0.4309191250109571,0.07894701608156823,0.0,0.02044144071853071,0.0,0.4309191250109571,0.35197210892938885,0.0644950163384707,0.020477207815989724,0.09888337749695991,0.0,0.00011241557043984435,0.01269930811926309,True,ANC,False,2021 ward footprint,predicted_2026
59500018,DA,0.8586513274470263,0.805255219993598,0.0,0.02972029519544575,0.0,0.03133706009728339,0.8586513274470263,0.005983534217951036,0.018154902632571256,0.0027567729562937827,0.0,0.0,0.053396107453428404,False,DA,False,2021 ward footprint,predicted_2026
59500019,ANC,0.6778602478609589,0.5450462206708359,0.0,0.007709252804767787,0.0,0.6778602478609589,0.042128555887313617,0.09184180732987703,0.02693371761465775,0.132814027190123,0.0,0.0015509172562034954,0.019161474056098547,False,ANC,False,2021 ward footprint,predicted_2026
59500020,ANC,0.709301039394782,0.539925512680049,0.0,0.0028125090638239586,0.0,0.709301039394782,0.008779687205726559,0.08965844644141162,0.0106508134600298,0.16937552671473297,0.0,0.0,0.009421977719493256,False,ANC,False,2021 ward footprint,predicted_2026
59500021,DA,0.39749759754912567,0.008276945200358987,0.0,0.03551452362199661,0.0,0.3892206523487667,0.39749759754912567,0.05068199008884518,0.042995892513541245,0.06804669798498265,0.0,0.001339967208763083,0.0147026786839788,True,ANC,False,2021 ward footprint,predicted_2026
59500022,ANC,0.6339084350341349,0.5037426981425984,0.0,0.01281062267452446,0.0,0.6339084350341349,0.04128661846077349,0.1240445868369893,0.04880809252149461,0.1301657368915364,0.0,0.0006355717679436086,0.008340335812603315,False,ANC,False,2021 ward footprint,predicted_2026
59500023,DA,0.5045316958126208,0.3031902072583046,0.0,0.022169904472242655,0.0,0.20134148855431624,0.5045316958126208,0.006146544741839373,0.15070566779645717,0.04141296148918413,0.0,0.004125784159054158,0.06956595297428554,False,DA,False,2021 ward footprint,predicted_2026
59500024,ANC,0.44485962888036173,0.06886491089810776,0.0,0.01008060394230179,0.0,0.44485962888036173,0.375994717982254,0.05171163654050088,0.007481984046631836,0.06854737417494215,0.0,0.0,0.041324054433007636,True,ANC,False,2021 ward footprint,predicted_2026
59500025,ANC,0.49777391675596633,0.2006514659354206,0.0,0.026329551442967173,0.0,0.49777391675596633,0.2971224508205457,0.04062360360804694,0.04997513739309596,0.06898501279959104,0.0,0.0015671451964021765,0.017623181983384698,False,ANC,False,2021 ward footprint,predicted_2026
59500026,DA,0.46478505861101277,0.19798258130627655,0.0,0.10605391982691098,0.0,0.2668024773047362,0.46478505861101277,0.04308553138533501,0.06432394785495617,0.04037502177981517,0.0,0.000719679933493992,0.013854363303739752,False,ANC,True,2021 ward footprint,predicted_2026
59500027,DA,0.848395788121345,0.8021146454438733,0.0,0.02466954635589546,0.0,0.04564538910866655,0.848395788121345,0.005434511281583164,0.02386512362530751,0.005543254823223671,0.0,0.00016524400650714413,0.04628114267747159,False,DA,False,2021 ward footprint,predicted_2026
59500028,ANC,0.4154900317082419,0.226726095141048,0.0,0.03522833569817043,0.0,0.4154900317082419,0.1887639365671939,0.0691711509973329,0.13514549951722604,0.11566911182354524,0.0,0.004247887224916758,0.03628404646337305,False,ANC,False,2021 ward footprint,predicted_2026
59500029,ANC,0.7373007673507053,0.6014807946555433,0.0,0.007868288200560604,0.0,0.7373007673507053,0.008348111929348418,0.06494367069789382,0.020285052629749712,0.13581997269516202,0.0,0.0,0.025434136496580308,False,ANC,False,2021 ward footprint,predicted_2026
59500030,DA,0.7592741815382041,0.620916208190887,0.0,0.024280334935630202,0.0,0.13835797334731711,0.7592741815382041,0.0041561972033164266,0.027795396265887132,0.022345807561051277,0.0,0.0,0.023790109148593717,False,DA,False,2021 ward footprint,predicted_2026
59500031,DA,0.8173214999595506,0.7613325259620772,0.0,0.04687840788569914,0.0,0.05598897399747339,0.8173214999595506,0.002730138913372687,0.029496221824700214,0.012173429819132787,0.0,0.0038428239929388214,0.031568503607132446,False,DA,False,2021 ward footprint,predicted_2026
59500032,ANC,0.5301497420295688,0.4198019501307489,0.0,0.02794624327179313,0.0,0.5301497420295688,0.1103477918988199,0.10815124453307037,0.09833118723501455,0.09378879628110041,0.0,0.005768317657892137,0.02551667709274068,False,ANC,False,2021 ward footprint,predicted_2026
59500033,DA,0.7413016075791171,0.6669042684555426,0.0,0.056297700325344466,0.0,0.07439733912357452,0.7413016075791171,0.011976456072646158,0.0474747461284389,0.010009677174268036,0.0,0.0,0.05854247359661066,False,DA,False,2021 ward footprint,predicted_2026
59500034,DA,0.43030866645180715,0.23035901214365737,0.0,0.046735304509029504,0.0,0.1999496543081498,0.43030866645180715,0.02059887104159073,0.12599056144674314,0.05629570288322617,0.0,0.00202325925458902,0.11809798010486446,False,DA,False,2021 ward footprint,predicted_2026
59500035,DA,0.9730776853517594,0.9611337255276489,0.0,0.011943959824110598,0.0,0.007258772353268904,0.9730776853517594,0.0,0.0028029540996139164,0.0020260537552867068,0.0,0.0,0.0028905746159605026,False,DA,False,2021 ward footprint,predicted_2026
59500036,DA,0.9428159121920555,0.9201982886386251,0.0,0.022617623553430458,0.0,0.012829089462703155,0.9428159121920555,0.0,0.004706179672009724,0.0008463873558035462,0.0,0.0,0.016184807763997642,False,DA,False,2021 ward footprint,predicted_2026
59500037,DA,0.4849808895225224,0.14683403211726975,0.0,0.025516038112343715,0.0,0.33814685740525263,0.4849808895225224,0.0376904620145651,0.025277603530196292,0.0603963970012139,0.0,0.0011879550122919447,0.02680379740161394,True,ANC,False,2021 ward footprint,predicted_2026
59500038,IFP,0.4154750799924231,0.0854571451838177,0.0,0.010042293200061154,0.0,0.3300179348086054,0.08251994394389185,0.03030797014715305,0.4154750799924231,0.06070428346368513,0.0,0.030969631864479093,0.039962862579701164,True,ANC,False,2021 ward footprint,predicted_2026
59500039,IFP,0.5324681464454551,0.37556341943922045,0.0,0.02869279708546726,0.0,0.15669501561488916,0.15690472700623467,0.019443334167321982,0.5324681464454551,0.028689999914523655,0.0,0.040911627883305435,0.036194351882802595,False,IFP,False,2021 ward footprint,predicted_2026
59500040,ANC,0.6388093858091555,0.4661324312991076,0.0,0.004817301881617443,0.0,0.6388093858091555,0.012632395606719173,0.07823836150108546,0.06710532625081017,0.1726769545100479,0.0,0.000593715815867158,0.02512655862469732,False,ANC,False,2021 ward footprint,predicted_2026
59500041,ANC,0.6766436316972783,0.5403506189135736,0.0,0.0072131132632393975,0.0,0.6766436316972783,0.01816751162753335,0.074219349072668,0.05451500324069534,0.13629301278370465,0.0,0.0005584582781062154,0.0323899200367749,False,ANC,False,2021 ward footprint,predicted_2026
59500042,ANC,0.8037163455349529,0.7163658118636175,0.0,0.00588837340305067,0.0,0.8037163455349529,0.01106379814230227,0.06368463115045425,0.004323573409206011,0.08735053367133537,0.0,0.0,0.023972744688698647,False,ANC,False,2021 ward footprint,predicted_2026
59500043,ANC,0.4334709503835316,0.18720666813599388,0.0,0.01818148323391696,0.0,0.4334709503835316,0.06325659346403777,0.09089144434629197,0.24626428224753774,0.11740466191224537,0.0,0.007552752798254715,0.02297783161418377,False,ANC,False,2021 ward footprint,predicted_2026
59500044,ANC,0.6070519824266234,0.43169411421828907,0.0,0.008199274826117252,0.0,0.6070519824266234,0.04775429917637501,0.07758297148563116,0.06127501754334242,0.1753578682083343,0.0,0.0016649652172877757,0.02111362111628886,False,ANC,False,2021 ward footprint,predicted_2026
59500045,ANC,0.5460760106715323,0.37936179149484717,0.0,0.00748259849906281,0.0,0.5460760106715323,0.04934695448864327,0.06846653719647075,0.13447779153784253,0.16671421917668516,0.0,0.0019345242920988165,0.025501364137664462,False,ANC,False,2021 ward footprint,predicted_2026
59500046,ANC,0.5669838085393143,0.3704860143869267,0.0,0.012165150676870226,0.0,0.5669838085393143,0.056098562153092245,0.05436701676344501,0.1964977941523876,0.07638519684330075,0.0,0.014669525516957195,0.02283294535463267,False,ANC,False,2021 ward footprint,predicted_2026
59500047,ANC,0.6541793409656783,0.49289288077502036,0.0,0.0109082623691892,0.0,0.6541793409656783,0.02213316923727761,0.10020166761953025,0.027995687613674155,0.16128646019065793,0.0,0.0009466606608719909,0.0223487513431206,False,ANC,False,2021 ward footprint,predicted_2026
59500048,DA,0.6702563533778286,0.560148406809476,0.0,0.05723644057027165,0.0,0.06344665019340041,0.6702563533778286,0.001355435291811407,0.11010794656835267,0.018684680392291687,0.0,0.005410779617393012,0.07350171398865048,False,DA,False,2021 ward footprint,predicted_2026
59500049,DA,0.8849568693162597,0.8256333508393227,0.0,0.05932351847693707,0.0,0.034302215013993234,0.8849568693162597,0.0003820515136025331,0.011266767579309509,0.003377411891902068,0.0,0.0,0.0063911662079959896,False,DA,False,2021 ward footprint,predicted_2026
59500050,DA,0.9136493680019705,0.8670199467150617,0.0,0.04662942128690889,0.0,0.028067553872893784,0.9136493680019705,0.00043516378944755325,0.0038726594054570695,0.0025391290079132436,0.0,0.0,0.004806704635409014,False,DA,False,2021 ward footprint,predicted_2026
59500051,DA,0.8699546691507813,0.8205095031937255,0.0,0.04944516595705578,0.0,0.037886163187952474,0.8699546691507813,0.0004095016867427471,0.01856987627819076,0.007316532839290651,0.0,0.0,0.016418090899986373,False,DA,False,2021 ward footprint,predicted_2026
59500052,DA,0.7956508450309409,0.6959170855586732,0.0,0.05118424077405779,0.0,0.09973375947226776,0.7956508450309409,0.0076593696113506,0.0175656532494873,0.01724315384599588,0.0,0.0,0.01096297801589984,False,DA,False,2021 ward footprint,predicted_2026
59500053,ANC,0.6424775300306951,0.48492790826558096,0.0,0.008144351417784738,0.0,0.6424775300306951,0.011293240505913257,0.1575496217651141,0.01984897120317997,0.12969375002737404,0.0,0.0022686922628494684,0.028723842787089303,False,ANC,False,2021 ward footprint,predicted_2026
59500054,ANC,0.4459158465452058,0.24593635629874652,0.0,0.03162423843015666,0.0,0.4459158465452058,0.19997949024645925,0.12768566897208355,0.07504117871653823,0.10489037029729202,0.0,0.0,0.01486320679226465,False,ANC,False,2021 ward footprint,predicted_2026
59500055,ANC,0.6259650922839304,0.4962503211887478,0.0,0.006968964741539946,0.0,0.6259650922839304,0.02897761173135535,0.06863494000845738,0.10701374357772686,0.12971477109518256,0.0,0.006956879770151512,0.025767996791656058,False,ANC,False,2021 ward footprint,predicted_2026
59500056,ANC,0.6683259979630446,0.5341021224778139,0.0,0.01836140720016367,0.0,0.6683259979630446,0.03220924430652542,0.10228771483205655,0.03004153333013373,0.1342238754852307,0.0,0.0,0.014550226882845435,False,ANC,False,2021 ward footprint,predicted_2026
59500057,ANC,0.8016087414011533,0.6941968171061558,0.0,0.0017007805724197746,0.0,0.8016087414011533,0.01194492181465018,0.0569176426693576,0.0029302632881064053,0.10741192429499759,0.0,0.0,0.017485725959315183,False,ANC,False,2021 ward footprint,predicted_2026
59500058,DA,0.5156515440647512,0.22985487053049358,0.0,0.011942340735799806,0.0,0.28579667353425764,0.5156515440647512,0.0376961573142255,0.04358638685796914,0.05575796000984781,0.0,0.0020445779239403133,0.04752435955920859,False,DA,False,2021 ward footprint,predicted_2026
59500059,ANC,0.5365542828096349,0.32872343687897754,0.0,0.027469036413045312,0.0,0.5365542828096349,0.2078308459306574,0.059724996282146024,0.04901344651191567,0.08682336354606027,0.0,0.000741885328499432,0.03184214317804099,False,ANC,False,2021 ward footprint,predicted_2026
59500060,ANC,0.4141835774926894,0.10443637292261082,0.0,0.039582714475214685,0.0,0.4141835774926894,0.3097472045700786,0.11408798529992624,0.0410394201073633,0.07008001976362012,0.0,0.0026413437469249325,0.00863773454418262,True,ANC,False,2021 ward footprint,predicted_2026
59500061,DA,0.5711486811091784,0.3040253943788241,0.0,0.009144406849574271,0.0,0.2671232867303543,0.5711486811091784,0.018070586176510306,0.032526024640049105,0.06881794405506063,0.0,0.0008133312597737697,0.03235573917949941,False,DA,False,2021 ward footprint,predicted_2026
59500062,ANC,0.45610325049572803,0.17818200224248654,0.0,0.029447436478486248,0.0,0.45610325049572803,0.2779212482532415,0.07123413979290313,0.07611119254015601,0.06320491739148429,0.0,0.0012915437435400794,0.024686271304460754,False,ANC,False,2021 ward footprint,predicted_2026
59500063,DA,0.8428158347446547,0.7600132590809565,0.0,0.028008526425512745,0.0,0.026457176954597043,0.8428158347446547,0.0,0.01113871118400153,0.008777175027535765,0.0,0.0,0.08280257566369816,False,DA,False,2021 ward footprint,predicted_2026
59500064,DA,0.711592856291925,0.6075822880252256,0.0,0.0671509746787855,0.0,0.1040105682666994,0.711592856291925,0.008261853998008615,0.05367555942266502,0.02109850025428604,0.0,0.0,0.034209687087630045,False,DA,False,2021 ward footprint,predicted_2026
59500065,DA,0.730600435580074,0.5627737486805191,0.0,0.0303291257412139,0.0,0.167826686899555,0.730600435580074,0.016662454266707333,0.011425081770260677,0.019514523059946165,0.0,0.0,0.02364169268224291,False,DA,False,2021 ward footprint,predicted_2026
59500066,DA,0.8838077992369839,0.8239807012547189,0.0,0.01542850669870108,0.0,0.0294985727214069,0.8838077992369839,0.0,0.008955629564455623,0.0024823937961874916,0.0,0.0,0.05982709798226505,False,DA,False,2021 ward footprint,predicted_2026
59500067,ANC,0.7374357099776117,0.5947384555835061,0.0,0.005017687512021233,0.0,0.7374357099776117,0.011893300272677402,0.07563790326970252,0.010974706017014781,0.1426972543941055,0.0,0.0007233072171287662,0.015620131339738207,False,ANC,False,2021 ward footprint,predicted_2026
59500068,DA,0.693374684107263,0.560587208064403,0.0,0.06777986697597807,0.0,0.13278747604285995,0.693374684107263,0.003828874838832223,0.05685320989343556,0.01488236594328089,0.0,0.0011435898217843992,0.029349932376565937,False,OTHER,False,2021 ward footprint,predicted_2026
59500069,DA,0.6088228538252528,0.34006189544550347,0.0,0.03553817345507748,0.0,0.26876095837974934,0.6088228538252528,0.03172085347283842,0.011491815902890898,0.03512112612546124,0.0,0.00041224358875855744,0.008131975249971371,False,DA,False,2021 ward footprint,predicted_2026
59500070,DA,0.932941176881292,0.8929671105512286,0.0,0.012015239515592293,0.0,0.03997406633006337,0.932941176881292,0.0008498078732822152,0.003471790854450101,0.003262933096973245,0.0,0.00017047941406678348,0.007314506034279963,False,DA,False,2021 ward footprint,predicted_2026
59500071,DA,0.6715077960446239,0.47744073278156385,0.0,0.021314287553985227,0.0,0.19406706326306,0.6715077960446239,0.05301426534814438,0.013559254095410872,0.02486564133588879,0.0,0.0,0.02167169235888702,False,DA,False,2021 ward footprint,predicted_2026
59500072,ANC,0.42861814800456083,0.15379281505300474,0.0,0.03304575789793967,0.0,0.42861814800456083,0.2748253329515561,0.07076544023062273,0.034197145473268555,0.13164696496047046,0.0,0.000907794549184633,0.025993415932397124,False,ANC,False,2021 ward footprint,predicted_2026
59500073,DA,0.9570455486281049,0.924008394975153,0.0,0.003553516402909868,0.0,0.03303715365295194,0.9570455486281049,0.0008351404221801225,0.0034445469922642267,0.0011387213722287386,0.0,0.0,0.0009453725293603404,False,DA,False,2021 ward footprint,predicted_2026
59500074,ANC,0.6151302801072717,0.486388203771547,0.0,0.01506857703067976,0.0,0.6151302801072717,0.0748727878107861,0.10610801139086494,0.05023309250660506,0.12874207633572463,0.0,0.001242591380370594,0.008602583437697141,False,ANC,False,2021 ward footprint,predicted_2026
59500075,ANC,0.45617529891329284,0.25024687597901885,0.0,0.009886489410807208,0.0,0.45617529891329284,0.20592842293427402,0.06625507696049726,0.19572424592403379,0.0419141205531654,0.0,0.008932321824728149,0.015184023479201413,False,ANC,False,2021 ward footprint,predicted_2026
59500076,ANC,0.6037177163984652,0.4720670492700927,0.0,0.01619013766357304,0.0,0.6037177163984652,0.06442654747287369,0.07887124919693882,0.06995553623140853,0.1316506671283725,0.0,0.007719055863560009,0.027469090044808218,False,ANC,True,2021 ward footprint,predicted_2026
59500077,DA,0.5400349379669112,0.2149999038004295,0.0,0.009186464657868333,0.0,0.32503503416648166,0.5400349379669112,0.06333079889462456,0.01451730777736087,0.042836764131605656,0.0,0.0005182545288565185,0.0045404378762913655,False,DA,False,2021 ward footprint,predicted_2026
59500078,ANC,0.5331730645579847,0.4088978771535441,0.0,0.027953464305875815,0.0,0.5331730645579847,0.11204583757810892,0.11103964837180702,0.07223582491714414,0.12427518740444063,0.0,0.0005699332624102451,0.01870703960222854,False,ANC,False,2021 ward footprint,predicted_2026
59500079,ANC,0.6258145054943345,0.46393642972147975,0.0,0.0072900663017462,0.0,0.6258145054943345,0.021193920177354324,0.10743750264667953,0.04991179198812587,0.1618780757728547,0.0,0.0,0.026474137618904776,False,ANC,False,2021 ward footprint,predicted_2026
59500080,ANC,0.5245375144655338,0.38377630053546685,0.0,0.016187501694887838,0.0,0.5245375144655338,0.1393148854672824,0.09254763843868746,0.06883435757153243,0.14076121393006688,0.0,0.0,0.01781688843200916,False,ANC,False,2021 ward footprint,predicted_2026
59500081,ANC,0.5135935237002228,0.3584973400308106,0.0,0.011345813403096608,0.0,0.5135935237002228,0.04097125268956053,0.07181546373082402,0.15509618366941225,0.14851160780010322,0.0,0.002101735931799897,0.05656441907498072,False,ANC,False,2021 ward footprint,predicted_2026
59500082,ANC,0.6004785887099059,0.46146235962444737,0.0,0.010593132786046778,0.0,0.6004785887099059,0.04109145851708673,0.04797286650796717,0.1390162290854585,0.11415294204671284,0.0,0.0038821560597842347,0.042812626287038,False,ANC,False,2021 ward footprint,predicted_2026
59500083,ANC,0.5559417852532041,0.41836534973521566,0.0,0.03019666841804268,0.0,0.5559417852532041,0.10739697034390526,0.09630783939007938,0.05057644916803016,0.13757643551798848,0.0,0.0,0.02200385190874997,False,ANC,False,2021 ward footprint,predicted_2026
59500084,ANC,0.6629012247902718,0.548561660281006,0.0,0.005298337834110586,0.0,0.6629012247902718,0.019850413813307884,0.07545280532508214,0.07863383185662769,0.11433956450926591,0.0,0.001339641012633614,0.04218418085870048,False,ANC,False,2021 ward footprint,predicted_2026
59500085,ANC,0.5069246017157822,0.36306770821376433,0.0,0.014802465828934647,0.0,0.5069246017157822,0.06202138609608055,0.10769562105936621,0.14385689350201794,0.14237815471140258,0.0,0.001070300531762239,0.02125057655465357,False,ANC,False,2021 ward footprint,predicted_2026
59500086,ANC,0.6734913173548591,0.5306791156315118,0.0,0.005777203819158972,0.0,0.6734913173548591,0.023283911464941073,0.09245495942249994,0.038330715406974296,0.14281220172334727,0.0,0.0008071605180179132,0.02304253029020136,False,ANC,False,2021 ward footprint,predicted_2026
59500087,ANC,0.7367847832256991,0.6300070769723722,0.0,0.005712445465566017,0.0,0.7367847832256991,0.02017796188307453,0.0858792311742961,0.03275199412140209,0.10677770625332685,0.0,0.0,0.01191587787663533,False,ANC,False,2021 ward footprint,predicted_2026
59500088,ANC,0.4669611334166489,0.25220356026174295,0.0,0.02160654210313952,0.0,0.4669611334166489,0.07751691825559434,0.06446321115944337,0.21475757315490596,0.11441082948883481,0.0,0.010018601845498146,0.03026519057593496,False,ANC,False,2021 ward footprint,predicted_2026
59500089,IFP,0.4176423521570808,0.032093614090130174,0.0,0.008578419961336034,0.0,0.3855487380669506,0.05158719887429267,0.01656479738949319,0.4176423521570808,0.07684917729685281,0.0,0.01373994027663927,0.029489375977354466,True,IFP,False,2021 ward footprint,predicted_2026
59500090,DA,0.4754706358292288,0.12399204548744541,0.0,0.022017760835424317,0.0,0.3514785903417834,0.4754706358292288,0.027422184088920068,0.03825117233799339,0.044350952115244105,0.0,0.0,0.04100870445140593,True,DA,False,2021 ward footprint,predicted_2026
59500091,ANC,0.7853262660626504,0.7134963024120997,0.0,0.00259377012472014,0.0,0.7853262660626504,0.02174688718666701,0.044261060753288096,0.044801190785587995,0.07182996365055076,0.0,0.002020335163769559,0.02742052627276587,False,ANC,False,2021 ward footprint,predicted_2026
59500092,ANC,0.5435652941269641,0.3422930342051045,0.0,0.016047636526993675,0.0,0.5435652941269641,0.2012722599218596,0.08196938233112948,0.02625518954369283,0.12274967107487453,0.0,0.00025451300084474365,0.007886053473641047,False,ANC,False,2021 ward footprint,predicted_2026
59500093,ANC,0.43148433626460103,0.06380736043977936,0.0,0.007112846137732407,0.0,0.43148433626460103,0.3676769758248217,0.08383293333998801,0.017321826825741172,0.06768693205517409,0.0,0.0003639050914752766,0.024520244460466516,True,ANC,False,2021 ward footprint,predicted_2026
59500094,ANC,0.6348623345298735,0.49642871893422513,0.0,0.011324382179816135,0.0,0.6348623345298735,0.03056249559525158,0.11020647983487097,0.0512008616489481,0.13843361559564835,0.0,0.0022534937775309035,0.0211563368380604,False,ANC,False,2021 ward footprint,predicted_2026
59500095,ANC,0.5469054633091346,0.4085600782565904,0.0,0.019425509291892986,0.0,0.5469054633091346,0.13834538505254418,0.09186861564973654,0.047778409470010406,0.13557807780363684,0.0,0.0,0.020098539423044546,False,ANC,False,2021 ward footprint,predicted_2026
59500096,ANC,0.5599689461472104,0.38111896284738656,0.0,0.006684172350634851,0.0,0.5599689461472104,0.06751264907080282,0.07245262637249873,0.0686062876602774,0.17884998329982385,0.0,0.0031336726940847433,0.04279166240466736,False,ANC,False,2021 ward footprint,predicted_2026
59500097,DA,0.8749065561646668,0.8154397779394434,0.0,0.01039185273030424,0.0,0.03586423925254753,0.8749065561646668,0.0,0.014104824481271431,0.005265749145986537,0.0,0.0,0.05946677822522342,False,DA,False,2021 ward footprint,predicted_2026
59500098,ANC,0.5567824387343633,0.427983190000891,0.0,0.015857747675906034,0.0,0.5567824387343633,0.07288391886624283,0.1009279910356085,0.09479763472409787,0.12879924873347223,0.0,0.004376644431276526,0.025574375799032878,False,ANC,False,2021 ward footprint,predicted_2026
59500099,ANC,0.3365892820904551,0.07156411663676426,0.0,0.009259870294037102,0.0,0.3365892820904551,0.2650251654536908,0.03364829603488511,0.214926465325739,0.06606066685566608,0.0,0.02447666866776672,0.05001358527776,True,ANC,False,2021 ward footprint,predicted_2026
59500100,ANC,0.4752173547140731,0.25383692111238865,0.0,0.011906823143824716,0.0,0.4752173547140731,0.07169855422199625,0.08854258941873829,0.08265845682775666,0.22138043360168447,0.0,0.01273788164838459,0.03585790642354194,False,ANC,False,2021 ward footprint,predicted_2026
59500101,ANC,0.4346943373129473,0.25652285338218606,0.0,0.02669063794309555,0.0,0.4346943373129473,0.17817148393076124,0.1366943924706768,0.06519995353899505,0.11519790244192339,0.0,0.012543557359092633,0.03080773500250806,False,ANC,False,2021 ward footprint,predicted_2026
59500102,DA,0.48859097541462776,0.19805830660492496,0.0,0.021594528585187785,0.0,0.2905326688097028,0.48859097541462776,0.032357470373444164,0.04237168389410292,0.09792610489492821,0.0,0.0009830345402086916,0.025643533487797625,False,DA,False,2021 ward footprint,predicted_2026
59500103,ANC,0.45243531361943246,0.10547935106658884,0.0,0.018811393704570335,0.0,0.45243531361943246,0.3469559625528436,0.020072994115956637,0.015671469443836298,0.09367024624086344,0.0,0.001471236063471163,0.050911384259026006,True,ANC,False,2021 ward footprint,predicted_2026
59500104,ANC,0.5812749579867048,0.4135705360585642,0.0,0.017355678060151775,0.0,0.5812749579867048,0.05421223595121992,0.03894051021215038,0.16770442192814058,0.10849645666066306,0.0,0.00903415322600567,0.0229815859749639,False,ANC,False,2021 ward footprint,predicted_2026
59500105,ANC,0.5296818437479447,0.32586978262094235,0.0,0.02143985393887555,0.0,0.5296818437479447,0.1285573946173339,0.024631095163372377,0.044466271907303005,0.20381206112700231,0.0,0.016229963693732103,0.031181515804436045,False,ANC,False,2021 ward footprint,predicted_2026
59500106,DA,0.5410874768107471,0.2932585518452511,0.0,0.017732520746516822,0.0,0.24782892496549597,0.5410874768107471,0.07466071232453068,0.022092345897842508,0.053139873293045606,0.0,0.0004304879290266994,0.043027658032794756,False,DA,False,2021 ward footprint,predicted_2026
59500107,ANC,0.600596330007918,0.48441832197738727,0.0,0.015024050095064342,0.0,0.600596330007918,0.11617800803053073,0.09024137027887237,0.05572784434798022,0.10752943295054593,0.0,0.0017281067012686474,0.012974857587819948,False,ANC,False,2021 ward footprint,predicted_2026
59500108,ANC,0.8642479946350077,0.7793438705759537,0.0,0.0001265737787476918,0.0,0.8642479946350077,0.008472018943492018,0.02078416779810245,0.003868523222478812,0.08490412405905405,0.0,0.0017801776925693525,0.015816419870547892,False,ANC,False,2021 ward footprint,predicted_2026
59500109,ANC,0.3938391320568639,0.23107721037050344,0.0,0.023636112396853485,0.0,0.3938391320568639,0.1573317534865684,0.0741175176645329,0.16276192168636044,0.1353426647877632,0.0,0.019749959660254134,0.03322093826080371,False,ANC,False,2021 ward footprint,predicted_2026
59500110,DA,0.5232572877534805,0.15042970253143295,0.0,0.0068797759277208,0.0,0.3728275852220475,0.5232572877534805,0.028509651475793867,0.012948912725559406,0.04833037802452692,0.0,0.0,0.007246408870871164,False,DA,False,2021 ward footprint,predicted_2026
59500111,ANC,0.8011942381677724,0.7066103664670375,0.0,0.006811462650646559,0.0,0.8011942381677724,0.009029942504139748,0.059723762085201054,0.00950690557460969,0.09458387170073491,0.0,0.0,0.019149817316895475,False,ANC,False,2021 ward footprint,predicted_2026
